{
    "Asset Selections": [],
    "Content": [
        {
            "Asset Selection ID": null,
            "Date Range ID": null,
            "Description": null,
            "Height": 393,
            "ID": "0EEA59CA-DE3C-6210-B1B8-C684E960863A",
            "Interactive": false,
            "Name": "Details Pane",
            "Scale": 1.0,
            "Summary Type": null,
            "Summary Value": null,
            "Timezone": null,
            "Type": "Content",
            "Width": 700,
            "Workbook ID": "0EEA59CA-C9F5-FB30-9798-28A6E00C225A",
            "Worksheet ID": "0EEA59CA-D268-EC90-BE82-2EF0C3AAD147",
            "Workstep ID": "0EEA59CA-D383-FFD0-8AAA-9F46E08F6D21",
            "selector": ""
        },
        {
            "Asset Selection ID": null,
            "Date Range ID": null,
            "Description": null,
            "Height": 393,
            "ID": "0EEA59CA-DE15-7110-9058-F24690574462",
            "Interactive": false,
            "Name": "Histogram",
            "Scale": 1.0,
            "Summary Type": null,
            "Summary Value": null,
            "Timezone": null,
            "Type": "Content",
            "Width": 700,
            "Workbook ID": "0EEA59CA-C9F5-FB30-9798-28A6E00C225A",
            "Worksheet ID": "0EEA59CA-D63E-73B0-BA01-F9AEB4DC716E",
            "Workstep ID": "0EEA59CA-D6C2-7110-AFA2-BF74732FAD9E",
            "selector": ""
        },
        {
            "Asset Selection ID": null,
            "Date Range ID": null,
            "Description": null,
            "Height": 393,
            "ID": "0EEA59CA-DE28-F990-9398-126AA5298824",
            "Interactive": false,
            "Name": "Calculated Items",
            "Scale": 1.0,
            "Summary Type": null,
            "Summary Value": null,
            "Timezone": null,
            "Type": "Content",
            "Width": 700,
            "Workbook ID": "0EEA59CA-C9F5-FB30-9798-28A6E00C225A",
            "Worksheet ID": "0EEA59CA-D4B5-62A0-94EA-96872F28BC9D",
            "Workstep ID": "0EEA59CA-D5CD-EED0-84B9-B59C27CF49AA",
            "selector": ""
        }
    ],
    "Date Ranges": [],
    "Definition": {
        "Archived": false,
        "Background": false,
        "Cache Enabled": false,
        "Condition Formula Now": "1703780284553881296",
        "Created At": "1703780284553872630",
        "Document": "\n  <p>Worksheet One:</p>\n  <p><img id=\"43dbf173-16b9-267b-9727-c9d7b48ab07f\" data-seeq-content=\"0EEA59CA-DE3C-6210-B1B8-C684E960863A\" class=\"report-image-border fr-dii specReportSeeqContent\" src=\"/api/content/0EEA59CA-DE3C-6210-B1B8-C684E960863A/image\" data-seeq-content-border=\"true\"></p>\n  <p>Worksheet Two:</p>\n  <p><img id=\"52b8a26a-9de9-508e-d746-835ce5b868a4\" data-seeq-content=\"0EEA59CA-DE28-F990-9398-126AA5298824\" class=\"report-image-border fr-dii specReportSeeqContent\" src=\"/api/content/0EEA59CA-DE28-F990-9398-126AA5298824/image\" data-seeq-content-border=\"true\"></p>\n  <p>Worksheet Three:</p>\n  <p><img id=\"ee0e57a0-f1dd-3ab1-9411-2d1c435e9745\" data-seeq-content=\"0EEA59CA-DE15-7110-9058-F24690574462\" class=\"report-image-border fr-dii specReportSeeqContent\" src=\"/api/content/0EEA59CA-DE15-7110-9058-F24690574462/image\" data-seeq-content-border=\"true\"></p>\n  <p>A Picture:</p>\n  <p><img src=\"/api/annotations/0EEA59CA-DDDA-7790-BD63-C6388D70A4D8/images/1596236583342_v1.png\" class=\"fr-fic fr-fin fr-dii\"></p>\n  <p><br></p>\n ",
        "Enabled": false,
        "ID": "0EEA59CA-DDDA-7790-BD63-C6388D70A4D8",
        "Is CK Enabled": true,
        "Name": "Worksheet One:",
        "Plain Text Document": "\n  Worksheet One:\n  \n  Worksheet Two:\n  \n  Worksheet Three:\n  \n  A Picture:\n  \n  \n ",
        "Type": "Report",
        "Unsearchable": false,
        "Updated At": "1703780284920995975"
    },
    "Schedule": null
}