{
    "Archived": false,
    "Cache Enabled": false,
    "Created At": "1703780284673574147",
    "Enabled": true,
    "ID": "0EEA59CA-DEFF-7710-ADD5-B877D181554E",
    "SPy ID": "[Released] 50A98248-9FBB-4A28-BD3E-CEE434BD359D",
    "Unsearchable": false,
    "Updated At": "1703780284673574147",
    "Name": "Live Doc",
    "Type": "Worksheet",
    "Annotation ID": "0EEA59CA-DEFF-7710-9526-0946539B12CE",
    "URL": "https://lilly.seeq.site/0EEA59C5-41F9-6060-ACC0-ABF763CC944D/workbook/0EEA59CA-DD2A-FB10-957C-809892A02EA1/worksheet/0EEA59CA-DEFF-7710-ADD5-B877D181554E"
}