{
    "ID": "5704F4E3-B853-46AC-A6B0-6133A4348A48",
    "Type": "Workstep",
    "Data": {
        "version": 1,
        "state": {
            "stores": {
                "sqTrendSeriesStore": {
                    "items": []
                },
                "sqTrendCapsuleSetStore": {
                    "items": []
                },
                "sqTrendScalarStore": {
                    "items": []
                },
                "sqTrendMetricStore": {
                    "items": []
                },
                "sqTrendTableStore": {
                    "items": []
                },
                "sqDurationStore": {
                    "autoUpdate": {
                        "offset": 17999998
                    },
                    "displayRange": {
                        "start": 1703711984104,
                        "end": 1703798384104
                    },
                    "investigateRange": {
                        "start": 1703193584105,
                        "end": 1703798384105
                    }
                },
                "sqWorksheetStore": {
                    "viewKey": "TREND"
                }
            }
        }
    }
}