{
    "Archived": false,
    "Cache Enabled": false,
    "Created At": "1703780283872475393",
    "Enabled": true,
    "ID": "0EEA59CA-D75B-EE00-8F14-ED93A5853EC2",
    "SPy ID": "[Released] 99E1E62B-69F1-4FFB-8649-3225820A7DFB",
    "Unsearchable": false,
    "Updated At": "1703780283919008876",
    "Name": "Metrics",
    "Type": "Worksheet",
    "Annotation ID": "0EEA59CA-D801-EE40-B7C8-4217FB465581",
    "Current Workstep ID": "0EEA59CA-D798-EE90-95AD-2DB7201B2299",
    "URL": "https://lilly.seeq.site/0EEA59C5-41F9-6060-ACC0-ABF763CC944D/workbook/0EEA59CA-C9F5-FB30-9798-28A6E00C225A/worksheet/0EEA59CA-D75B-EE00-8F14-ED93A5853EC2"
}