{
    "ID": "56A5BEFA-BDC3-458F-B2C4-0B27D265710D",
    "Type": "Workstep",
    "Data": {
        "version": 1,
        "state": {
            "stores": {
                "sqTrendSeriesStore": {
                    "items": []
                },
                "sqTrendCapsuleSetStore": {
                    "items": []
                },
                "sqTrendScalarStore": {
                    "items": []
                },
                "sqTrendMetricStore": {
                    "items": []
                },
                "sqTrendTableStore": {
                    "items": []
                },
                "sqDurationStore": {
                    "autoUpdate": {
                        "offset": 17999998
                    },
                    "displayRange": {
                        "start": 1703711984055,
                        "end": 1703798384055
                    },
                    "investigateRange": {
                        "start": 1703193584056,
                        "end": 1703798384056
                    }
                },
                "sqWorksheetStore": {
                    "viewKey": "TREND"
                }
            }
        }
    }
}