{
    "Archived": false,
    "Cache Enabled": false,
    "Created At": "1703780283594880715",
    "Enabled": true,
    "ID": "0EEA59CA-D4B5-62A0-94EA-96872F28BC9D",
    "SPy ID": "[Released] 1F02C6C7-5009-4A13-9343-CDDEBB6AF7E6",
    "Unsearchable": false,
    "Updated At": "1703780283709767434",
    "Name": "Calculated Items",
    "Type": "Worksheet",
    "Annotation ID": "0EEA59CA-D60D-6670-A0CE-1070A7F26DC4",
    "Current Workstep ID": "0EEA59CA-D558-FBD0-89FC-04D13B17F971",
    "URL": "https://lilly.seeq.site/0EEA59C5-41F9-6060-ACC0-ABF763CC944D/workbook/0EEA59CA-C9F5-FB30-9798-28A6E00C225A/worksheet/0EEA59CA-D4B5-62A0-94EA-96872F28BC9D"
}