{
    "ID": "A6B4ABC5-93E5-4234-B569-037B6D345C47",
    "Type": "Workstep",
    "Data": {
        "version": 1,
        "state": {
            "stores": {
                "sqTrendSeriesStore": {
                    "items": []
                },
                "sqTrendCapsuleSetStore": {
                    "items": []
                },
                "sqTrendScalarStore": {
                    "items": []
                },
                "sqTrendMetricStore": {
                    "items": []
                },
                "sqTrendTableStore": {
                    "items": []
                },
                "sqDurationStore": {
                    "autoUpdate": {
                        "offset": 17999999
                    },
                    "displayRange": {
                        "start": 1703711984016,
                        "end": 1703798384016
                    },
                    "investigateRange": {
                        "start": 1703193584016,
                        "end": 1703798384016
                    }
                },
                "sqWorksheetStore": {
                    "viewKey": "TREND"
                }
            }
        }
    }
}