{
    "ID": "D35CBE5D-8CD9-48E4-B973-1AB86F43743B",
    "Type": "Workstep",
    "Data": {
        "version": 1,
        "state": {
            "stores": {
                "sqTrendSeriesStore": {
                    "items": []
                },
                "sqTrendCapsuleSetStore": {
                    "items": []
                },
                "sqTrendScalarStore": {
                    "items": []
                },
                "sqTrendMetricStore": {
                    "items": []
                },
                "sqTrendTableStore": {
                    "items": []
                },
                "sqDurationStore": {
                    "autoUpdate": {
                        "offset": 17999999
                    },
                    "displayRange": {
                        "start": 1703711983919,
                        "end": 1703798383920
                    },
                    "investigateRange": {
                        "start": 1703193583920,
                        "end": 1703798383920
                    }
                },
                "sqWorksheetStore": {
                    "viewKey": "TREND"
                }
            }
        }
    }
}