{
    "Archived": false,
    "Cache Enabled": false,
    "Created At": "1703780283353742717",
    "Enabled": true,
    "ID": "0EEA59CA-D268-EC90-BE82-2EF0C3AAD147",
    "SPy ID": "[Released] F255BF0D-CCE1-4021-B863-B121FB605913",
    "Unsearchable": false,
    "Updated At": "1703780283546151138",
    "Name": "Details Pane",
    "Type": "Worksheet",
    "Annotation ID": "0EEA59CA-D481-EE50-BB6A-822516C19893",
    "Current Workstep ID": "0EEA59CA-D43D-E890-92DA-7FC04D0F4976",
    "URL": "https://lilly.seeq.site/0EEA59C5-41F9-6060-ACC0-ABF763CC944D/workbook/0EEA59CA-C9F5-FB30-9798-28A6E00C225A/worksheet/0EEA59CA-D268-EC90-BE82-2EF0C3AAD147"
}