{
    "Archived": false,
    "Cache Enabled": false,
    "Created At": "1703780283755896657",
    "Enabled": true,
    "ID": "0EEA59CA-D63E-73B0-BA01-F9AEB4DC716E",
    "SPy ID": "[Released] BFB529B8-F127-49FC-81B3-55BCCE4CC2B1",
    "Unsearchable": false,
    "Updated At": "1703780283829294192",
    "Name": "Histogram",
    "Type": "Worksheet",
    "Annotation ID": "0EEA59CA-D72B-60C0-8991-DA5EE80DA9C6",
    "Current Workstep ID": "0EEA59CA-D682-F970-829F-A1852CF84507",
    "URL": "https://lilly.seeq.site/0EEA59C5-41F9-6060-ACC0-ABF763CC944D/workbook/0EEA59CA-C9F5-FB30-9798-28A6E00C225A/worksheet/0EEA59CA-D63E-73B0-BA01-F9AEB4DC716E"
}