{
    "ID": "00FE3EA9-25F2-4A58-AD23-7B34B216D789",
    "Type": "Workstep",
    "Data": {
        "version": 1,
        "state": {
            "stores": {
                "sqTrendSeriesStore": {
                    "items": []
                },
                "sqTrendCapsuleSetStore": {
                    "items": []
                },
                "sqTrendScalarStore": {
                    "items": []
                },
                "sqTrendMetricStore": {
                    "items": []
                },
                "sqTrendTableStore": {
                    "items": []
                },
                "sqDurationStore": {
                    "autoUpdate": {
                        "offset": 17999999
                    },
                    "displayRange": {
                        "start": 1703711983855,
                        "end": 1703798383855
                    },
                    "investigateRange": {
                        "start": 1703193583855,
                        "end": 1703798383855
                    }
                },
                "sqWorksheetStore": {
                    "viewKey": "TREND"
                }
            }
        }
    }
}