{
    "Archived": false,
    "Cache Enabled": false,
    "Created At": "1703780284165197960",
    "Enabled": true,
    "ID": "0EEA59CA-DA27-7350-B1EF-4B3462B80A6C",
    "SPy ID": "[Released] D978C84E-9435-422F-9C1A-DC4C7E515C0B",
    "Unsearchable": false,
    "Updated At": "1703780284210342827",
    "Name": "Global",
    "Type": "Worksheet",
    "Annotation ID": "0EEA59CA-DACF-EAA0-A7CC-6E525FB4FE33",
    "Current Workstep ID": "0EEA59CA-DA64-73E0-B896-BC1E4D05F44E",
    "URL": "https://lilly.seeq.site/0EEA59C5-41F9-6060-ACC0-ABF763CC944D/workbook/0EEA59CA-C9F5-FB30-9798-28A6E00C225A/worksheet/0EEA59CA-DA27-7350-B1EF-4B3462B80A6C"
}