{
    "Archived": false,
    "Cache Enabled": false,
    "Created At": "1703780284254474415",
    "Enabled": true,
    "ID": "0EEA59CA-DB00-77E0-A81E-E84CD0F4C86B",
    "SPy ID": "[Released] 44A42737-E20C-4BCE-BB50-4F2468C7419D",
    "Unsearchable": false,
    "Updated At": "1703780284341528810",
    "Name": "Boundaries",
    "Type": "Worksheet",
    "Annotation ID": "0EEA59CA-DC19-6410-9F3E-1A1EFFF1C1C3",
    "Current Workstep ID": "0EEA59CA-DBD4-EE50-989B-153E287B8BE0",
    "URL": "https://lilly.seeq.site/0EEA59C5-41F9-6060-ACC0-ABF763CC944D/workbook/0EEA59CA-C9F5-FB30-9798-28A6E00C225A/worksheet/0EEA59CA-DB00-77E0-A81E-E84CD0F4C86B"
}