{
    "ID": "0EEA59CA-DA64-73E0-B896-BC1E4D05F44E",
    "Type": "Workstep",
    "Data": {
        "version": 23,
        "state": {
            "stores": {
                "sqTrendSeriesStore": {
                    "items": [
                        {
                            "axisAlign": "A",
                            "axisAutoScale": true,
                            "lane": 1,
                            "rightAxis": false,
                            "dashStyle": "Solid",
                            "lineWidth": 1,
                            "autoDisabled": false,
                            "axisVisibility": true,
                            "yAxisConfig": {
                                "min": -25.562228786104548,
                                "max": 22.470348200400696
                            },
                            "yAxisMin": -23.9910697257983,
                            "yAxisMax": 20.89918914009445,
                            "sampleDisplayOption": "line",
                            "id": "0EEA59CA-CC55-F9C0-9E86-F3D663E265E1",
                            "name": "Rate of Change of Wet Bulb",
                            "selected": false,
                            "color": "#4055A3",
                            "valueUnitOfMeasure": "\u00b0F/h"
                        }
                    ]
                },
                "sqDurationStore": {
                    "autoUpdate": {
                        "mode": "OFF",
                        "offset": 0,
                        "manualInterval": {
                            "value": 1,
                            "units": "min"
                        }
                    },
                    "displayRange": {
                        "start": 1544941129287,
                        "end": 1545027529287
                    },
                    "investigateRange": {
                        "start": 1544422729287,
                        "end": 1545027529287
                    }
                },
                "sqTrendCapsuleStore": {
                    "selectedCapsules": [],
                    "stitchBreaks": [],
                    "stitchTimes": [],
                    "dataStatus": "itemDataPresent",
                    "warningCount": 0,
                    "warningLogs": [],
                    "items": []
                },
                "sqInvestigateStore": {
                    "item": {},
                    "activeTool": "overview",
                    "displayMode": "NEW",
                    "derivedDataPanelOpen": true
                },
                "sqDeviationPanelStore": {
                    "originalParameters": [],
                    "maximumDuration": {
                        "value": 1,
                        "units": "day"
                    },
                    "advancedParametersCollapsed": true,
                    "startDuration": {
                        "value": 0,
                        "units": "min"
                    },
                    "endDuration": {
                        "value": 0,
                        "units": "min"
                    },
                    "startLocation": true,
                    "endLocation": true
                },
                "sqCapsuleSetSeriesStore": {
                    "originalParameters": [],
                    "maximumDuration": {
                        "value": 1,
                        "units": "day"
                    },
                    "advancedParametersCollapsed": true,
                    "params": {
                        "interpolation": "DISCRETE",
                        "stat": {
                            "timeUnits": "s"
                        }
                    }
                },
                "sqImportCsvStore": {
                    "serverFileName": "",
                    "columnKey": "",
                    "columnValue": "",
                    "importType": {
                        "text": "IMPORTS.TYPES.SIGNAL",
                        "value": "seriesDisplayType"
                    },
                    "unitValue": "",
                    "interpolationMethod": {
                        "text": "IMPORTS.INTERPOLATION.LINEAR",
                        "value": "linear"
                    },
                    "importAnotherColumn": false,
                    "importStarted": false,
                    "originalParameters": [],
                    "maximumDuration": {
                        "value": 1,
                        "units": "day"
                    },
                    "advancedParametersCollapsed": true
                },
                "sqPredictionPanelStore": {
                    "originalParameters": [],
                    "maximumDuration": {
                        "value": 1,
                        "units": "day"
                    },
                    "advancedParametersCollapsed": true,
                    "option": "linear",
                    "polynomialValue": 2,
                    "mustGoThroughZero": false,
                    "lambda": 0,
                    "windowStart": 1544941129287,
                    "windowEnd": 1545027529287,
                    "modelExpanded": false,
                    "regressionMethod": "OLS",
                    "variableSelection": 0.05,
                    "variableSelectionEnabled": false
                },
                "sqAncillariesPanelStore": {
                    "inProgress": false,
                    "inProgressItem": "item1",
                    "name": "",
                    "type": "",
                    "item1": {},
                    "item2": {}
                },
                "sqReferencePanelStore": {
                    "originalParameters": [],
                    "maximumDuration": {
                        "value": 1,
                        "units": "day"
                    },
                    "advancedParametersCollapsed": true,
                    "windowStart": 1544941129287,
                    "windowEnd": 1545027529287,
                    "griddingPeriod": {
                        "value": 5,
                        "units": "min"
                    },
                    "referenceStat": "",
                    "multiplier": 1
                },
                "sqAggregationBinStore": {
                    "originalParameters": [],
                    "maximumDuration": {
                        "value": 1,
                        "units": "day"
                    },
                    "advancedParametersCollapsed": true,
                    "mode": "by_y_value",
                    "includeEmptyBuckets": true,
                    "yValueSignal": "",
                    "stat": {
                        "key": null,
                        "timeUnits": "s"
                    },
                    "aggregationConfigs": [
                        {
                            "id": 1,
                            "mode": "by_y_value",
                            "yValueBinMode": "size",
                            "valid": false
                        }
                    ]
                },
                "sqLowPassFilterStore": {
                    "originalParameters": [],
                    "maximumDuration": {
                        "value": 1,
                        "units": "day"
                    },
                    "advancedParametersCollapsed": true,
                    "cutoff": {},
                    "period": {},
                    "taps": 33,
                    "autoPeriod": true,
                    "autoTaps": true
                },
                "sqItemPropertiesStore": {
                    "advancedParametersCollapsed": true
                },
                "sqPeriodicConditionStore": {
                    "originalParameters": [],
                    "maximumDuration": {
                        "value": 1,
                        "units": "day"
                    },
                    "advancedParametersCollapsed": true,
                    "frequencies": [],
                    "weekStart": "Day.Sunday",
                    "quarterStart": {
                        "month": "Month.January",
                        "day": 1
                    },
                    "shift": {
                        "offset": 8,
                        "duration": 8
                    },
                    "offset": {}
                },
                "sqTrendScalarStore": {
                    "items": []
                },
                "sqTrendCapsuleSetStore": {
                    "items": []
                },
                "sqTrendTableStore": {
                    "items": []
                },
                "sqWorksheetStore": {
                    "tabsets": {
                        "sidebar": 0
                    },
                    "viewKey": "TREND",
                    "browsePanelCollapsed": false,
                    "displayWidth": 850,
                    "displayHeight": 575,
                    "resizeEnabled": true
                },
                "sqTrendMetricStore": {
                    "scorecardHeaders": {
                        "type": "startEnd",
                        "format": "lll"
                    },
                    "scorecardColumns": [
                        {
                            "type": "name",
                            "backgroundColor": "#ffffff"
                        }
                    ],
                    "dataStatus": "itemDataPresent",
                    "warningCount": 0,
                    "warningLogs": [],
                    "items": []
                },
                "sqTreemapStore": {
                    "parent": {},
                    "statistics": []
                },
                "sqScatterPlotStore": {
                    "xSeries": {},
                    "ySeries": {},
                    "selector": {
                        "low": 0.5,
                        "high": 0.75
                    },
                    "plotMode": "DISPLAY_RANGE",
                    "connect": false
                },
                "sqTrendStore": {
                    "view": "calendar",
                    "enabledColumns": {
                        "CAPSULES": {
                            "startTime": true
                        }
                    },
                    "propertyColumns": {},
                    "selectedRegion": {
                        "min": 0,
                        "max": 0
                    },
                    "capsuleTimeOffsets": {
                        "lower": 0,
                        "upper": 0
                    },
                    "capsuleAlignment": [],
                    "capsulePreview": false,
                    "showChartConfiguration": false,
                    "dimDataOutsideCapsules": false,
                    "hideUnselectedItems": false,
                    "labelDisplayConfiguration": {
                        "name": "off",
                        "asset": "off",
                        "assetPathLevels": 1,
                        "unitOfMeasure": "off",
                        "custom": "off",
                        "customLabels": []
                    },
                    "showCapsuleLaneLabels": false,
                    "panelProps": {},
                    "panelSorters": {
                        "CAPSULES": {
                            "sortBy": "startTime",
                            "sortAsc": true
                        },
                        "CAPSULE_SERIES": {
                            "sortBy": "startTime",
                            "sortAsc": true
                        },
                        "SERIES": {
                            "sortBy": "lane",
                            "sortAsc": true
                        },
                        "INVESTIGATE_ITEMS": {
                            "sortBy": "name",
                            "sortAsc": true
                        }
                    },
                    "capsulePanelOffset": 0,
                    "capsulePanelHasNext": false
                },
                "sqPowerSearchStore": {
                    "originalParameters": [],
                    "maximumDuration": {
                        "value": 1,
                        "units": "day"
                    },
                    "advancedParametersCollapsed": true,
                    "formula": "",
                    "parameters": [],
                    "navigationStack": []
                },
                "sqScorecardStore": {
                    "metrics": []
                },
                "sqThresholdMetricStore": {
                    "originalParameters": [],
                    "maximumDuration": {
                        "value": 1,
                        "units": "day"
                    },
                    "advancedParametersCollapsed": true,
                    "processType": "Simple",
                    "aggregationOperator": {
                        "key": null,
                        "timeUnits": "s"
                    },
                    "duration": {},
                    "period": {},
                    "thresholds": {}
                },
                "sqCustomConditionStore": {
                    "originalParameters": [],
                    "maximumDuration": {
                        "value": 1,
                        "units": "day"
                    },
                    "advancedParametersCollapsed": true
                },
                "sqCapsuleGroupStore": {
                    "capsules": []
                },
                "sqFftStore": {
                    "originalParameters": [],
                    "maximumDuration": {
                        "value": 1,
                        "units": "day"
                    },
                    "advancedParametersCollapsed": true,
                    "rateType": true,
                    "rate": {},
                    "outputUnits": "min",
                    "highPass": {},
                    "lowPass": {},
                    "useHighPass": false,
                    "useLowPass": false
                },
                "sqCompositeSearchStore": {
                    "originalParameters": [],
                    "maximumDuration": {
                        "value": null,
                        "units": "day"
                    },
                    "advancedParametersCollapsed": true,
                    "inclusiveA": true,
                    "inclusiveB": true
                },
                "sqSearchStore": {
                    "nameFilter": "Rate",
                    "descriptionFilter": "",
                    "typeFilter": [],
                    "datasourceFilter": [],
                    "isAdvancedMode": false,
                    "mode": "search",
                    "currentAsset": ""
                },
                "sqVisualSearchStore": {
                    "originalParameters": [],
                    "maximumDuration": {
                        "value": 1,
                        "units": "day"
                    },
                    "advancedParametersCollapsed": true,
                    "similarity": 98,
                    "normalizeAmplitude": true,
                    "normalizeLocation": true,
                    "selectedRegion": {}
                },
                "sqLimitsSearchStore": {
                    "originalParameters": [],
                    "maximumDuration": {
                        "value": 1,
                        "units": "day"
                    },
                    "advancedParametersCollapsed": true,
                    "limitsParams": {
                        "entryCondition": {
                            "duration": {
                                "value": 0,
                                "units": "min"
                            }
                        },
                        "exitCondition": {
                            "duration": {
                                "value": 0,
                                "units": "min"
                            }
                        }
                    }
                },
                "sqCursorStore": {
                    "calendarCursors": [],
                    "capsuleCursors": [],
                    "showValues": true
                },
                "sqReportStore": {
                    "dateVariables": []
                },
                "sqReportContentStore": {
                    "workbookFolderId": "",
                    "workbooksSearch": "",
                    "workbooksFilter": "OWNER",
                    "workbooksSortField": "NAME",
                    "workbooksSortAsc": false,
                    "workbookId": "",
                    "dateVariableId": "",
                    "size": "medium",
                    "shape": "rectangle",
                    "customWidth": 1024,
                    "customHeight": 768,
                    "contentHeight": 100,
                    "contentWidth": 100
                }
            }
        }
    }
}