{
    "Archived": false,
    "Cache Enabled": false,
    "Created At": "1703780283961841427",
    "Enabled": true,
    "ID": "0EEA59CA-D835-6290-9160-3BB0E8A4EF7E",
    "SPy ID": "[Released] 10198C29-C93C-4055-B313-3388227D0621",
    "Unsearchable": false,
    "Updated At": "1703780284119519511",
    "Name": "Journal",
    "Type": "Worksheet",
    "Annotation ID": "0EEA59CA-D9EA-62C0-A606-354AF8A8AD05",
    "Current Workstep ID": "0EEA59CA-D8D1-6690-974C-FFCC6114E2D7",
    "URL": "https://lilly.seeq.site/0EEA59C5-41F9-6060-ACC0-ABF763CC944D/workbook/0EEA59CA-C9F5-FB30-9798-28A6E00C225A/worksheet/0EEA59CA-D835-6290-9160-3BB0E8A4EF7E"
}