{
    "Asset Selections": [],
    "Content": [
        {
            "Asset Selection ID": null,
            "Date Range ID": "0EEA59CA-DF88-6290-9FC8-AD5CEAC10EFF",
            "Description": null,
            "Height": 262,
            "ID": "0EEA59CA-E02E-62D0-A368-4A3B923CF934",
            "Interactive": false,
            "Name": "Calculated Items",
            "Scale": 1.0,
            "Summary Type": null,
            "Summary Value": null,
            "Timezone": null,
            "Type": "Content",
            "Width": 1050,
            "Workbook ID": "0EEA59CA-C9F5-FB30-9798-28A6E00C225A",
            "Worksheet ID": "0EEA59CA-D4B5-62A0-94EA-96872F28BC9D",
            "Workstep ID": "0EEA59CA-D558-FBD0-89FC-04D13B17F971",
            "selector": ""
        },
        {
            "Asset Selection ID": null,
            "Date Range ID": "0EEA59CA-DFE0-60D0-8EEC-1611DDD89A26",
            "Description": null,
            "Height": 1050,
            "ID": "0EEA59CA-E066-7540-BC7D-372F56794A93",
            "Interactive": false,
            "Name": "Metrics",
            "Scale": 1.0,
            "Summary Type": null,
            "Summary Value": null,
            "Timezone": null,
            "Type": "Content",
            "Width": 1050,
            "Workbook ID": "0EEA59CA-C9F5-FB30-9798-28A6E00C225A",
            "Worksheet ID": "0EEA59CA-D75B-EE00-8F14-ED93A5853EC2",
            "Workstep ID": "0EEA59CA-D798-EE90-95AD-2DB7201B2299",
            "selector": ""
        },
        {
            "Asset Selection ID": null,
            "Date Range ID": "0EEA59CA-DF2D-FD40-915C-41A149156A1D",
            "Description": null,
            "Height": 393,
            "ID": "0EEA59CA-E010-EE10-AD22-3C815FC19F93",
            "Interactive": false,
            "Name": "Calculated Items",
            "Scale": 1.0,
            "Summary Type": null,
            "Summary Value": null,
            "Timezone": null,
            "Type": "Content",
            "Width": 700,
            "Workbook ID": "0EEA59CA-C9F5-FB30-9798-28A6E00C225A",
            "Worksheet ID": "0EEA59CA-D4B5-62A0-94EA-96872F28BC9D",
            "Workstep ID": "0EEA59CA-D558-FBD0-89FC-04D13B17F971",
            "selector": ""
        },
        {
            "Asset Selection ID": null,
            "Date Range ID": "0EEA59CA-DFB8-FFD0-BF1E-F72BDA3B19CA",
            "Description": null,
            "Height": 590,
            "ID": "0EEA59CA-E04B-7790-99AA-594862C116A4",
            "Interactive": false,
            "Name": "Details Pane",
            "Scale": 1.0,
            "Summary Type": null,
            "Summary Value": null,
            "Timezone": null,
            "Type": "Content",
            "Width": 1050,
            "Workbook ID": "0EEA59CA-C9F5-FB30-9798-28A6E00C225A",
            "Worksheet ID": "0EEA59CA-D268-EC90-BE82-2EF0C3AAD147",
            "Workstep ID": "0EEA59CA-D2CF-7530-BC81-7DA006710E0B",
            "selector": ""
        }
    ],
    "Date Ranges": [
        {
            "Archived": false,
            "Auto Duration": "259200.0s",
            "Auto Enabled": true,
            "Auto Offset": "0min",
            "Auto Offset Direction": "Past",
            "Capsule Picker": {
                "Maximum Duration": "40h",
                "Offset": 1,
                "Reference": "end",
                "Strategy": "closestTo"
            },
            "Condition ID": "0EEA59CA-DD62-FD80-9738-4E63FEEEF817",
            "Enabled": true,
            "ID": "0EEA59CA-DF88-6290-9FC8-AD5CEAC10EFF",
            "Name": "Today",
            "Type": "DateRange"
        },
        {
            "Archived": false,
            "Auto Duration": "3600.0s",
            "Auto Enabled": true,
            "Auto Offset": "2h",
            "Auto Offset Direction": "Past",
            "Capsule Picker": {
                "Offset": 1,
                "Reference": "end",
                "Strategy": "closestTo"
            },
            "Enabled": true,
            "ID": "0EEA59CA-DFE0-60D0-8EEC-1611DDD89A26",
            "Name": "Two Hours Ago",
            "Type": "DateRange"
        },
        {
            "Archived": false,
            "Auto Duration": "259200.0s",
            "Auto Enabled": true,
            "Auto Offset": "0min",
            "Auto Offset Direction": "Past",
            "Capsule Picker": {
                "Maximum Duration": "40h",
                "Offset": 1,
                "Reference": "end",
                "Strategy": "offsetBy"
            },
            "Condition ID": "0EEA59CA-DD62-FD80-9738-4E63FEEEF817",
            "Enabled": true,
            "ID": "0EEA59CA-DF2D-FD40-915C-41A149156A1D",
            "Name": "Yesterday",
            "Type": "DateRange"
        },
        {
            "Archived": false,
            "Auto Duration": "3600.0s",
            "Auto Enabled": true,
            "Auto Offset": "0min",
            "Auto Offset Direction": "Past",
            "Capsule Picker": {
                "Offset": 1,
                "Reference": "end",
                "Strategy": "closestTo"
            },
            "Enabled": true,
            "ID": "0EEA59CA-DFB8-FFD0-BF1E-F72BDA3B19CA",
            "Name": "Last Hour",
            "Type": "DateRange"
        }
    ],
    "Definition": {
        "Archived": false,
        "Background": false,
        "Cache Enabled": false,
        "Condition Formula Now": "1703780284673562445",
        "Created At": "1703780284673555161",
        "Document": "\n  <h1>Last Hour:</h1>\n  <p><img id=\"adae6720-8792-44d0-9ca5-5d769d306946\" data-seeq-content=\"0EEA59CA-E04B-7790-99AA-594862C116A4\" class=\"report-image-border fr-dii specReportSeeqContent\" src=\"/api/content/0EEA59CA-E04B-7790-99AA-594862C116A4/image\" data-seeq-content-border=\"true\"></p>\n  <h1>Two Hours Ago:</h1>\n  <p><img id=\"18487ea1-c06e-5e05-f1e6-ea53b3c9c904\" data-seeq-content=\"0EEA59CA-E066-7540-BC7D-372F56794A93\" class=\"report-image-border fr-dii\" src=\"/api/content/0EEA59CA-E066-7540-BC7D-372F56794A93/image\" data-seeq-content-border=\"true\"><br></p>\n  <h1>Today:</h1>\n  <p><img id=\"3328a7c7-ad75-b405-6cf8-01e520c7f81f\" data-seeq-content=\"0EEA59CA-E02E-62D0-A368-4A3B923CF934\" class=\"report-image-border fr-dii\" src=\"/api/content/0EEA59CA-E02E-62D0-A368-4A3B923CF934/image\" data-seeq-content-border=\"true\"><br></p>\n  <h1>Yesterday:</h1>\n  <p><img id=\"f578a093-8a8e-69be-2d00-d0a5ca59c2db\" data-seeq-content=\"0EEA59CA-E010-EE10-AD22-3C815FC19F93\" class=\"report-image-border fr-dii\" src=\"/api/content/0EEA59CA-E010-EE10-AD22-3C815FC19F93/image\" data-seeq-content-border=\"true\"><br></p>\n ",
        "Enabled": false,
        "ID": "0EEA59CA-DEFF-7710-9526-0946539B12CE",
        "Is CK Enabled": true,
        "Name": "Last Hour:",
        "Plain Text Document": "\n  Last Hour:\n  \n  Two Hours Ago:\n  \n  Today:\n  \n  Yesterday:\n  \n ",
        "Type": "Report",
        "Unsearchable": false,
        "Updated At": "1703780284934219621"
    },
    "Schedule": null
}