{
    "Archived": false,
    "Cache Enabled": false,
    "Created At": "1703780284553894971",
    "Enabled": true,
    "ID": "0EEA59CA-DDDA-7790-899F-56D0992B8FAD",
    "SPy ID": "[Released] E5B84916-5962-49A7-9987-052CF80CD077",
    "Unsearchable": false,
    "Updated At": "1703780284553894971",
    "Name": "Static Doc",
    "Type": "Worksheet",
    "Annotation ID": "0EEA59CA-DDDA-7790-BD63-C6388D70A4D8",
    "URL": "https://lilly.seeq.site/0EEA59C5-41F9-6060-ACC0-ABF763CC944D/workbook/0EEA59CA-DD2A-FB10-957C-809892A02EA1/worksheet/0EEA59CA-DDDA-7790-899F-56D0992B8FAD"
}